nombre,apellido,edad,dni
Juan,Perez,30,12345678A
Maria,Gomez,25,87654321B
Luis,Lopez,40,11223344C
Ana,Martinez,35,44332211D
Pedro,Garcia,28,55443322E
Carlos,Rodriguez,42,66554433F
Sofia,Fernandez,31,77665544G
Laura,Sanchez,29,88776655H
Elena,Torres,36,99887766I
Pablo,Ruiz,45,11998877J
Carmen,Diaz,33,22119988K
David,Moreno,39,33221199L
Isabel,Jimenez,27,44332211M
Antonio,Navarro,44,55443322N
Rosa,Molina,32,66554433O
Miguel,Romero,38,77665544P
Lucia,Serrano,26,88776655Q
Alberto,Ortega,41,99887766R
Sara,Morales,34,11998877S
Javier,Delgado,37,22119988T
Ana,Castro,30,33221199U
Diego,Ortiz,43,44332211V
Marina,Rubio,28,55443322W
Victor,Medina,35,66554433X
Raquel,Santos,31,77665544Y
Fernando,Herrera,40,88776655Z
Beatriz,Suarez,29,99887766A
Ricardo,Pascual,46,11998877B
Patricia,Benitez,33,22119988C
Eduardo,Cruz,36,33221199D
Silvia,Gutierrez,27,44332211E
Roberto,Flores,42,55443322F
Monica,Ramos,34,66554433G
Daniel,Martin,39,77665544H
Teresa,Vila,32,88776655I
Jose,Sanz,45,99887766J
Cristina,Vargas,30,11998877K
Manuel,Leon,37,22119988L
Marta,Reyes,28,33221199M
Andres,Calvo,41,44332211N
Julia,Mendez,35,55443322O
Ramon,Guerrero,43,66554433P
Eva,Blanco,31,77665544Q
Francisco,Vega,38,88776655R
Angela,Campos,29,99887766S
Luis,Parra,44,11998877T
Paula,Cano,33,22119988U
Jorge,Prieto,36,33221199V
Natalia,Rojas,27,44332211W
Sergio,Gil,40,55443322X
Clara,Marquez,34,66554433Y
Mario,Duran,42,77665544Z
Alicia,Iglesias,30,88776655A
Hugo,Vicente,37,99887766B
